"License Number","Status Changed From/To","Type| Dup","Original Issue Date","Expir. Date","Primary Owner and Premises Addr.","Mailing Addr.","Transfer-From/To","Conditions","Escrow","District Code","Geo Code"
"86893","ACTIVE NREN","20 | 0","03/20/1980","03/31/2021","DBA: MIRAGLIA CATERING & EVENT PLANNING                        MIRAGLIA ENTERPRISES INC                         2094 BURROUGHS AVE,                         SAN LEANDRO, CA  94577","","","","","22","0112"
"327521","ACTIVE NREN","41 | 0","04/13/1998","03/31/2021","DBA: JUBAN RESTAURANT YAKINIKU HOUSE                        JUBAN INC                         712 SANTA CRUZ AVE,                         MENLO PARK, CA  94025","PO BOX 4646                              BURLINGAME, CA  94011","","","","25","4107"
"340757","ACTIVE CANCEL","42 | 0","04/27/1998","03/31/2022","DBA: BOULEVARD BAR                        RAMIREZ, JOSE SERRANO                         4537-39 WHITTIER BLVD,                         LOS ANGELES, CA  90022-2433","728 S HILLVIEW AVE                              LOS ANGELES, CA  90022-3204","42-260628/ 42-618199","","","2","1900"
"345847","SUSPEN ACTIVE","47 | 0","10/30/1998","09/30/2021","DBA: LONAS CITY LIMITS CANTINA                        LEE, LONA MARIE                         1174 E WARDLOW RD,                         LONG BEACH, CA  90807","","47-328742","7","","3","1932"
"345847","SUSPEN ACTIVE","47 | 0","10/30/1998","09/30/2021","DBA: LONAS CITY LIMITS CANTINA                        LEE, LONA MARIE                         1174 E WARDLOW RD,                         LONG BEACH, CA  90807","","47-328742","7","","3","1932"
"414119","REVPEN ACTIVE","42 | 0","12/13/2004","11/30/2021","DBA: LA POTRANCA                        GUZMAN, MARIA D PARRA                         144 S FRONT ST,                         EARLIMART, CA  93219","518 POINSETTA ST                              BAKERSFIELD, CA  93307","42-329119","","","21","5400"
"414119","REVPEN ACTIVE","42 | 0","12/13/2004","11/30/2021","DBA: LA POTRANCA                        GUZMAN, MARIA D PARRA                         144 S FRONT ST,                         EARLIMART, CA  93219","518 POINSETTA ST                              BAKERSFIELD, CA  93307","42-329119","","","21","5400"
"427388","SUREND CANCEL","21 | 0","03/26/2008","02/28/2022","DBA: SPINDRIFT GENERAL STORE                        SPINNI INC                         841 W BRANNAN ISLAND RD, 2ND FL,                         ISLETON, CA  95641-9755","","","7","","23","3400"
"428258","AUTREV ACTIVE","41 | 0","08/31/2005","07/31/2021","DBA: ORIENTAL BBQ TOWN                        GLORY GLOBAL INC                         6101 TELEGRAPH AVE,                         OAKLAND, CA  94609-1324","","","7","","22","0109"
"428258","AUTREV ACTIVE","41 | 0","08/31/2005","07/31/2021","DBA: ORIENTAL BBQ TOWN                        GLORY GLOBAL INC                         6101 TELEGRAPH AVE,                         OAKLAND, CA  94609-1324","","","7","","22","0109"
"447815","ACTIVE NREN","20 | 0","04/27/2007","03/31/2021","SENKA INTERNATIONAL INC                         328 E 1ST ST, SPC 3,                         LOS ANGELES, CA  90012","138 ASTRONAUTES ONIZUKA ST                              LOS ANGELES, CA  90012","20-274652","7","","4","1933"
"449477","SUREND CANCEL","21 | 0","08/24/2007","07/31/2021","DBA: DOUGS LIQUOR                        U S TRIEU PHU INC                         8817 VALLEY BLVD,                         ROSEMEAD, CA  91770-1713","3111 HEGLIS AVE                              ROSEMEAD, CA  91770-2821","21-417355/ 21-617171","","","2","1965"
"462560","ACTIVE NREN","09 | 1","04/04/2008","03/31/2021","DBA: TC HUB                        CHU, YUEN YEE                         930 MCLAUGHLIN AVE,                         SAN JOSE, CA  95122-2611","10230 DUBON AVE                              CUPERTINO, CA  95014","","7","","25","4313"
"462560","ACTIVE NREN","17 | 1","04/04/2008","03/31/2021","DBA: TC HUB                        CHU, YUEN YEE                         930 MCLAUGHLIN AVE,                         SAN JOSE, CA  95122-2611","10230 DUBON AVE                              CUPERTINO, CA  95014","","7","","25","4313"
"462560","ACTIVE NREN","20 | 0","04/04/2008","03/31/2021","DBA: TC HUB                        CHU, YUEN YEE                         930 MCLAUGHLIN AVE,                         SAN JOSE, CA  95122-2611","10230 DUBON AVE                              CUPERTINO, CA  95014","","7,I","","25","4313"
"463756","ACTIVE NREN","09 | 1","04/22/2008","03/31/2021","DBA: BLACK SHEEP FINDS                        BLACK SHEEP FINDS LLC                         129 S G ST,                         LOMPOC, CA  93436-6817","","","7","","13","4202"
"463756","ACTIVE NREN","17 | 1","04/22/2008","03/31/2021","DBA: BLACK SHEEP FINDS                        BLACK SHEEP FINDS LLC                         129 S G ST,                         LOMPOC, CA  93436-6817","","","7","","13","4202"
"463756","ACTIVE NREN","20 | 0","04/22/2008","03/31/2021","DBA: BLACK SHEEP FINDS                        BLACK SHEEP FINDS LLC                         129 S G ST,                         LOMPOC, CA  93436-6817","","","7,I","","13","4202"
"467648","ACTIVE CANCEL","20 | 0","10/14/2008","09/30/2021","DBA: MILLERCOORS LLC                        MILLERCOORS LLC                         15801 1ST ST,                         IRWINDALE, CA  91706-6202","250 S WACKER DR                              CHICAGO, IL  60606","20-30432","7","","2","1928"
"467648","ACTIVE CANCEL","09 | 1","10/14/2008","09/30/2021","DBA: MILLERCOORS LLC                        MILLERCOORS LLC                         15801 1ST ST,                         IRWINDALE, CA  91706-6202","250 S WACKER DR                              CHICAGO, IL  60606","01-30432","7","","2","1928"
"467648","ACTIVE CANCEL","01 | 1","10/14/2008","09/30/2021","DBA: MILLERCOORS LLC                        MILLERCOORS LLC                         15801 1ST ST,                         IRWINDALE, CA  91706-6202","250 S WACKER DR                              CHICAGO, IL  60606","01-30432","7","","2","1928"
"467648","ACTIVE CANCEL","10 | 0","10/14/2008","09/30/2021","DBA: MILLERCOORS LLC                        MILLERCOORS LLC                         15801 1ST ST,                         IRWINDALE, CA  91706-6202","250 S WACKER DR                              CHICAGO, IL  60606","10-30432","7","","2","1928"
"481941","AUTREV ACTIVE","47 | 0","11/19/2009","10/31/2021","DBA: KARIBBEAN CITY                        ALI, RICHARD N                         1408 WEBSTER ST,                         OAKLAND, CA  94612-3206","380 ESPLANADE AVE, APT 208                              PACIFICA, CA  94044","47-437255","7","","22","0109"
"481941","AUTREV ACTIVE","47 | 0","11/19/2009","10/31/2021","DBA: KARIBBEAN CITY                        ALI, RICHARD N                         1408 WEBSTER ST,                         OAKLAND, CA  94612-3206","380 ESPLANADE AVE, APT 208                              PACIFICA, CA  94044","47-437255","7","","22","0109"
"482796","REVPEN ACTIVE","41 | 0","12/22/2009","11/30/2021","DBA: MI LINDO APATZINGAN                        TORRES, ISABEL                         9948 MAGNOLIA AVE,                         RIVERSIDE, CA  92503-3525","144 PATRICIA PL                               LATHROP, CA  95330-9460","","7","","7","3312"
"482796","REVPEN ACTIVE","41 | 0","12/22/2009","11/30/2021","DBA: MI LINDO APATZINGAN                        TORRES, ISABEL                         9948 MAGNOLIA AVE,                         RIVERSIDE, CA  92503-3525","144 PATRICIA PL                               LATHROP, CA  95330-9460","","7","","7","3312"
"500846","ACTIVE CANCEL","02 | 0","10/14/2010","06/30/2021","DBA: GOLDEN LEAVES VINEYARD & WINERY                        RUAN, HONG JIE                         3625 OMO RANCH RD,                         MOUNT AUKUM, CA  95656","PO BOX 27                              MOUNT AUKUM, CA  95656-0027","","7","","23","0900"
"513854","ACTIVE CANCEL","41 | 0","02/02/2012","01/31/2022","DBA: ROMEO AND JULIETA WINE BAR CAFE                         ROMEO & JULIETA WINE CAFE LLC                         4715 MONROE AVE,                         SAN DIEGO, CA  92115-3202","","","7","","10","3710"
"517331","ACTIVE NREN","42 | 0","04/10/2012","03/31/2021","DBA: CIGS AND GARS                        RP SHAMOUN INC                         533 SWEETWATER RD,                         SPRING VALLEY, CA  91977-5627","","","7","","10","3700"
"519347","ACTIVE NREN","41 | 0","04/19/2012","03/31/2021","DBA: ROUND TABLE PIZZA                        KOUSSA, HUSNI ELIA                         414 BROADWAY,                         MILLBRAE, CA  94030-1906","","41-392050","","BAY COMMERCIAL BANK 500 YGNACIO VALLEY RD STE 200 WALNUT CREEK, CA  94596","25","4108"
"520321","ACTIVE SUREND","47 | 0","05/21/2012","04/30/2021","DBA: MAGUIRE'S PUB                        BIG ""T"" LLC                         145 KENTUCKY ST,                         PETALUMA, CA  94952-2925","","47-472146","","CAPITOL CITY ESCROW INC 3838 WATT AVE STE F610 SACRAMENTO, CA  95821","27","4903"
"521156","ACTIVE CANCEL","21 | 0","06/22/2012","05/31/2021","DBA: GOLD 7 LIQUOR                        DAGHER, NAZIH                         545 W WHITTIER BLVD,                         LA HABRA, CA  90631-3737","","21-447718/ 21-623894","","TEAM ESCROW INC 6025 BEACH BLVD BUENA PARK, CA  90621-2304","11","3012"
"530850","ACTIVE NREN","42 | 0","06/12/2013","05/31/2021","DBA: PAINTED CORK LLC THE                        PAINTED CORK LLC THE                         1624 J ST,                         SACRAMENTO, CA  95814-2021","PO BOX 97                              SOQUEL, CA  95073","","7","","23","3405"
"531432","SUREND DEPREV","21 | 0","11/08/2013","06/30/2021","DBA: ALBERTSONS 2935                        ALBERTSONS LLC                         110 E CARSON ST,                         CARSON, CA  90745","PO BOX 29096 , MS# 6531 NASC-TAX DEPT                              PHOENIX, AZ  85038-9096","21-440818","","","3","1977"
"532004","ACTIVE CANCEL","41 | 0","11/22/2013","10/31/2021","DBA: SAPPORO RAMEN & SHABU SHABU                        SHIJIU INC.                         318 N BRAND BLVD,                         GLENDALE, CA  91203-2304","","","","","5","1921"
"532486","REVPEN R64B","47 | 0","12/18/2013","11/30/2021","DBA: POPOLO                        POPOLO VALLEY FAIR L-PSHIP                         2855 STEVENS CREEK BLVD, A123,                         SAN JOSE, CA  95128","101 S SANTA CRUZ AVE, #33192                              LOS GATOS, CA  95030","47-524715","","GLEN OAKS ESCROW 6100 SAN FERNANDO RD GLENDALE, CA  91201","25","4313"
"532486","REVPEN R64B","47 | 0","12/18/2013","11/30/2021","DBA: POPOLO                        POPOLO VALLEY FAIR L-PSHIP                         2855 STEVENS CREEK BLVD, A123,                         SAN JOSE, CA  95128","101 S SANTA CRUZ AVE, #33192                              LOS GATOS, CA  95030","47-524715","","GLEN OAKS ESCROW 6100 SAN FERNANDO RD GLENDALE, CA  91201","25","4313"
"539243","ACTIVE CANCEL","41 | 0","12/20/2013","11/30/2021","DBA: BAMBOO ISLAND RESTAURANT AND BAKERY                        MENG, SOPHEAP                         816-18 E ANAHEIM ST,                         LONG BEACH, CA  90813-3509","","41-458556/ 41-604766","7","BARRINGER ESCROW 2234 S GRAND AVE SANTA ANA, CA  92705","3","1932"
"539721","ACTIVE CANCEL","21 | 0","07/18/2014","07/31/2021","DBA: FRESH & EASY #1144                        FRESH & EASY LLC                         205 N GRAND AVE,                         COVINA, CA  91724-2959","17000 VENTURA BLVD, STE 300                              ENCINO, CA  91316-4112","21-468289/ 21-603382","","","2","1913"
"539953","REVPEN NREN","82 | 0","01/14/2014","12/31/2020","DBA: THREE SISTERS VINEYARDS & WINERY                        CHESTATEE VALLEY VINTNERS LLC                         439 VINEYARD WAY,                         DAHLONEGA, GA  30533-2952","PO BOX 3                              DAHLONEGA, GA  30533","","","","75","9999"
"545403","SUREND CANCEL","47 | 0","03/19/2015","02/28/2022","DBA: GRANT STREET PUB & PIZZERIA                        DM BUFANO INC                         1822 GRANT ST,                         CONCORD, CA  94520-2442","5204 HERITAGE DR                              CONCORD, CA  94521","47-444584/ 47-614593","7","CAPITAL TRUST ESCROW 280 S BEVERLY DR #311 BEVERLY HILLS, CA  90212","22","0703"
"545403","SUREND CANCEL","47 | 0","03/19/2015","02/28/2022","DBA: GRANT STREET PUB & PIZZERIA                        DM BUFANO INC                         1822 GRANT ST,                         CONCORD, CA  94520-2442","5204 HERITAGE DR                              CONCORD, CA  94521","47-444584/ 47-614593","7","CAPITAL TRUST ESCROW 280 S BEVERLY DR #311 BEVERLY HILLS, CA  90212","22","0703"
"546976","REVPEN ACTIVE","41 | 0","12/17/2014","11/30/2021","DBA: HIMALAYAN KITCHEN                        RISHIK TECHNOLOGIES INC                         820 E EL CAMINO REAL, UNIT C & D,                         MOUNTAIN VIEW, CA  94040-2837","","","","","25","4311"
"546976","REVPEN ACTIVE","41 | 0","12/17/2014","11/30/2021","DBA: HIMALAYAN KITCHEN                        RISHIK TECHNOLOGIES INC                         820 E EL CAMINO REAL, UNIT C & D,                         MOUNTAIN VIEW, CA  94040-2837","","","","","25","4311"
"547859","SUSPEN CANCEL","47 | 0","10/23/2014","11/30/2021","HAMBURGER HAMLET RESTAURANT GROUP LLC                         4419 VAN NUYS BLVD,                         SHERMAN OAKS, CA  91403-2910","505 N BRAND BLVD, STE 700                              GLENDALE, CA  91203","47-412267/ 47-622700","","","5","1933"
"550136","ACTIVE CANCEL","21 | 0","11/10/2014","10/31/2021","DBA: O K LIQUOR                        KWON, KATE YOUNG                         301 E SOUTH ST,                         LONG BEACH, CA  90805-4633","","21-453191/ 21-622651","","ESCROW WORLD INC 1055 WILSHIRE BLVD STE 1555 LOS ANGELES, CA  90017","3","1932"
"555121","ACTIVE NREN","41 | 0","04/17/2015","03/31/2021","DBA: PIZZAMAN DANS                        PETESEHRIA LLC                         1601 S VICTORIA AVE, STE 160,                         OXNARD, CA  93035-2171","444 E SANTA CLARA ST                              VENTURA, CA  93001-2749","41-468205","","","12","5603"
"556527","REVPEN ACTIVE","41 | 0","12/24/2015","11/30/2021","DBA: HOTPOT FIRST                        SANER USA INC                         1149 N LAWRENCE EXPY,                         SUNNYVALE, CA  94089-2025","","","","","25","4316"
"556527","REVPEN ACTIVE","41 | 0","12/24/2015","11/30/2021","DBA: HOTPOT FIRST                        SANER USA INC                         1149 N LAWRENCE EXPY,                         SUNNYVALE, CA  94089-2025","","","","","25","4316"
"557054","ACTIVE CANCEL","41 | 0","07/29/2015","06/30/2021","DBA: MY THAI                        ISAAN KITCHEN GROUP LLC                         46520 WASHINGTON ST, STE 3,                         LA QUINTA, CA  92253-2443","","","","","8","3320"
"561942","REVPEN ACTIVE","41 | 0","12/01/2015","11/30/2021","DBA: PAPA WHEELIES PUB                        MCNEIL, SCOTT RYAN                         1548 REASOR RD,                         MCKINLEYVILLE, CA  95519","1584 REASOR RD                              MCKINLEYVILLE, CA  95519","","7","","28","1200"
"561942","REVPEN ACTIVE","41 | 0","12/01/2015","11/30/2021","DBA: PAPA WHEELIES PUB                        MCNEIL, SCOTT RYAN                         1548 REASOR RD,                         MCKINLEYVILLE, CA  95519","1584 REASOR RD                              MCKINLEYVILLE, CA  95519","","7","","28","1200"
"565788","ACTIVE NREN","41 | 0","04/25/2016","03/31/2021","DBA: WORLD CLASS PIZZA                        LEE & CHA INC                         25102 MARGUERITE PKWY, STE A,                         MISSION VIEJO, CA  92692-2465","","","","","11","3027"
"567065","ACTIVE NREN","41 | 0","04/07/2016","03/31/2021","DBA: EPIC CAFE                        LINDA DORE FOODSERVICE/CATERING, LLC                         349 LEE VINING AVE,                         LEE VINING, CA  93541","PO BOX 84                              LEE VINING, CA  93541-0084","","7","","6","2600"
"568464","ACTIVE CANCEL","21 | 0","07/20/2016","11/30/2021","DBA: CATHEDRAL CITY LIQUOR                        DOURGHALLI, MOUSSA                         68100 RAMON RD , STE B1,                         CATHEDRAL CITY, CA  92234-3389","44345 MARIGOLD LN                              LA QUINTA, CA  92253-4803","21-506099/ 21-624107","7","","8","3319"
"573635","REVPEN ACTIVE","47 | 1","12/19/2016","11/30/2021","DBA: KLUDDES KITCHEN & BAR                         CARNEVOR INC                         110 ORANGE ST,                         REDLANDS, CA  92373-4718","PO BOX 1303                              YUCAIPA, CA  92399","","","","7","3608"
"573635","REVPEN ACTIVE","58 | 1","12/19/2016","11/30/2021","DBA: KLUDDES KITCHEN & BAR                         CARNEVOR INC                         110 ORANGE ST,                         REDLANDS, CA  92373-4718","PO BOX 1303                              YUCAIPA, CA  92399","","","","7","3608"
"575060","ACTIVE CANCEL","41 | 0","11/10/2016","10/31/2021","DBA: ROUND TABLE PIZZA                        HONEST GUYS MANAGEMENT INC.                         4200 GOSFORD RD, STE 101,                         BAKERSFIELD, CA  93313-4811","","41-509390/ 41-613050","7","","6","1501"
"578734","ACTIVE NREN","41 | 0","06/21/2017","05/31/2021","DBA: HAWK AND PONY                        HAWK AND PONY LLC                         4210 TELEGRAPH AVE,                         OAKLAND, CA  94609-2408","3031 DAVIS ST                              OAKLAND, CA  94609","41-515370/ 41-615458","","GREEN ESCROW SERVICES INC 2010 CROW CANYON PL STE 212 SAN RAMON, CA  94583","22","0109"
"578802","ACTIVE CANCEL","09 | 1","04/24/2017","03/31/2021","DBA: PINE STREET BREWERY                        PINE STREET BREWERY, LLC                         1145 MONTGOMERY AVE,                         SAN BRUNO, CA  94066-1519","1270 PINE ST, #1                              SAN FRANCISCO, CA  94109","","","","25","4111"
"578802","ACTIVE CANCEL","17 | 1","04/24/2017","03/31/2021","DBA: PINE STREET BREWERY                        PINE STREET BREWERY, LLC                         1145 MONTGOMERY AVE,                         SAN BRUNO, CA  94066-1519","1270 PINE ST, #1                              SAN FRANCISCO, CA  94109","","","","25","4111"
"580867","AUTREV SUSPEN","41 | 0","07/31/2017","06/30/2021","DBA: ALMA RESTAURANT                        ALMA EATS CORPORATION                         2801 FOLSOM ST,                         SAN FRANCISCO, CA  94110-4013","","","7","","24","3800"
"580867","AUTREV SUSPEN","41 | 0","07/31/2017","06/30/2021","DBA: ALMA RESTAURANT                        ALMA EATS CORPORATION                         2801 FOLSOM ST,                         SAN FRANCISCO, CA  94110-4013","","","7","","24","3800"
"582839","ACTIVE NREN","41 | 0","04/24/2018","03/31/2021","DBA: SHALIMAR RESTAURANT                        KABEER AND BURHAN INC.                         1650 N VASCO RD,                         LIVERMORE, CA  94550-9219","333 HEGENBERGER RD, STE 325                              OAKLAND, CA  94621","","7","","22","0107"
"589502","PEND WITHDRAWN","41 | 0","","","DBA: CORDIANO WINERY WEST                        CORDIANO, GERARDO                         3135 TYLER ST,                         CARLSBAD, CA  92008-3025","15732 HIGHLAND VALLEY RD                              ESCONDIDO, CA  92025","","","","9","3701"
"590032","ACTIVE CANCEL","21 | 0","04/12/2018","03/31/2022","DBA: INTRA MARKET                        BG & EK CORPORATION INC                         809 E ROSECRANS BLVD,                         COMPTON, CA  90221-2145","7085 SANTA IRENE CIR, APT 138                              BUENA PARK, CA  90620-3198","21-27856/ 21-623764","","","3","1912"
"591709","SUREND NREN","41 | 0","04/17/2018","03/31/2021","DBA: BARRELS, BREW & BITES                        B CUBED, INC.                         335 HEALDSBURG AVE,                         HEALDSBURG, CA  95448","","","","","27","4902"
"592822","REVPEN ACTIVE","41 | 0","12/24/2019","11/30/2021","DBA: CALI FRESH MEXICAN GRILL                        CALI FRESH GRILL, INC                         8021 LANKERSHIM BLVD ,                         NORTH HOLLYWOOD, CA  91605","","","7","","5","1933"
"592822","REVPEN ACTIVE","41 | 0","12/24/2019","11/30/2021","DBA: CALI FRESH MEXICAN GRILL                        CALI FRESH GRILL, INC                         8021 LANKERSHIM BLVD ,                         NORTH HOLLYWOOD, CA  91605","","","7","","5","1933"
"594487","ACTIVE CANCEL","20 | 0","07/25/2018","06/30/2021","DBA: 4015 EL SEGUNDO                        4015 EL SEGUNDO                         4015 W EL SEGUNDO BLVD,                         HAWTHORNE, CA  90250","144 N VERDUGO RD                              GLENDALE, CA  91206-3933","20-551509/ 20-624100","","VIVA ESCROW INC 136 W WALNUT AVE MONROVIA, CA  91016-3444","3","1923"
"597016","PEND ACTIVE","02 | 0","04/14/2021","06/30/2021","DBA: COLLECTIBLE FINE WINE                        VINTAGE COLLECTIBLES, LLC                         7680 BELL RD,                         WINDSOR, CA  95492-8998","7680 BELL RD                              WINDSOR, CA  95492-8998","","","","27","4909"
"597016","PEND ACTIVE","14 | 0","04/14/2021","03/31/2022","DBA: COLLECTIBLE FINE WINE                        VINTAGE COLLECTIBLES, LLC                         7680 BELL RD,                         WINDSOR, CA  95492-8998","7680 BELL RD                              WINDSOR, CA  95492-8998","","","","27","4909"
"597420","PEND WITHDRAWN","42 | 0","","","DBA: BLUE BAR, THE                         BLUE BAR LLC, THE                         1802 MENTONE BLVD,                         MENTONE, CA  92359-1216","10717 INDEPENDENCE CT                               REDLANDS, CA  92374","","","","7","3600"
"597695","ACTIVE SUREND","20 | 0","11/20/2018","06/30/2021","DBA: 7-ELEVEN STORE 37063A                        7 ELEVEN INC                         9701 VALLEY BLVD,                         ROSEMEAD, CA  91770-1553","PO BOX 219088, ATT: 7 ELEVEN LICENSING                              DALLAS, TX  75221-9088","20-589006","","7 ELEVEN INC 330 E LAMBERT RD STE 150 BREA, CA  92821-4128","2","1965"
"600179","REVPEN ACTIVE","41 | 0","12/19/2018","11/30/2021","1641 CAHUENGA RESTAURANT, LLC                         1643 N CAHUENGA BLVD,                         LOS ANGELES, CA  90028-6201","4601 WILSHIRE BLVD, STE 225                              LOS ANGELES, CA  90010","41-581017","7","WILSHIRE ESCROW COMPANY 4270 WILSHIRE BLVD LOS ANGELES, CA  90010-3636","4","1933"
"600179","REVPEN ACTIVE","41 | 0","12/19/2018","11/30/2021","1641 CAHUENGA RESTAURANT, LLC                         1643 N CAHUENGA BLVD,                         LOS ANGELES, CA  90028-6201","4601 WILSHIRE BLVD, STE 225                              LOS ANGELES, CA  90010","41-581017","7","WILSHIRE ESCROW COMPANY 4270 WILSHIRE BLVD LOS ANGELES, CA  90010-3636","4","1933"
"600183","REVPEN ACTIVE","41 | 0","12/11/2018","11/30/2021","1641 CAHUENGA RESTAURANT, LLC                         1649 N CAHUENGA BLVD,                         LOS ANGELES, CA  90028-6201","4601 WILSHIRE BLVD, STE 225                              LOS ANGELES, CA  90010","41-590989","7","WILSHIRE ESCROW COMPANY 4270 WILSHIRE BLVD LOS ANGELES, CA  90010-3636","4","1933"
"600183","REVPEN ACTIVE","41 | 0","12/11/2018","11/30/2021","1641 CAHUENGA RESTAURANT, LLC                         1649 N CAHUENGA BLVD,                         LOS ANGELES, CA  90028-6201","4601 WILSHIRE BLVD, STE 225                              LOS ANGELES, CA  90010","41-590989","7","WILSHIRE ESCROW COMPANY 4270 WILSHIRE BLVD LOS ANGELES, CA  90010-3636","4","1933"
"600562","PEND WITHDRAWN","40 | 0","","","DBA: FORTUNA POLLO GRILL                        GARCIA MENDEZ, ANDICRISTEL                         4436 LONG BEACH AVE,                         LOS ANGELES, CA  90058-1923","","","","","4","1933"
"601283","SUSPEN ACTIVE","40 | 0","01/24/2019","12/31/2021","DBA: AMELIAS CLUB                        GONZALEZ, ROBERTO ANTONIO  JR                         403 N AVALON BLVD,                         WILMINGTON, CA  90744-5803","24417 BROAD AVE                              WILMINGTON, CA  90744-1030","40-538607","7","TEAM ESCROW, INC. 17310 RED HILL AVE STE 140 IRVINE, CA  92614","3","1933"
"601283","SUSPEN ACTIVE","40 | 0","01/24/2019","12/31/2021","DBA: AMELIAS CLUB                        GONZALEZ, ROBERTO ANTONIO  JR                         403 N AVALON BLVD,                         WILMINGTON, CA  90744-5803","24417 BROAD AVE                              WILMINGTON, CA  90744-1030","40-538607","7","TEAM ESCROW, INC. 17310 RED HILL AVE STE 140 IRVINE, CA  92614","3","1933"
"602424","ACTIVE NREN","41 | 0","04/09/2019","03/31/2021","DBA: STONEFIRE GRILL                        STONEFIRE GRILL 13, INC.                         27430 LA PAZ RD,                         LAGUNA NIGUEL, CA  92677-3738","30401 AGOURA RD, STE 130                              AGOURA HILLS, CA  91301-2084","","","","11","3030"
"602948","AUTREV ACTIVE","47 | 0","07/16/2019","06/30/2021","DBA: F6IX                        ELEVATING NIGHTLIFE GROUP LLC                         526 F ST,                         SAN DIEGO, CA  92101-6309","","47-504211","7","HERITAGE ESCROW 2550 5TH AVE STE 800 SAN DIEGO, CA  92103","10","3710"
"602948","AUTREV ACTIVE","47 | 0","07/16/2019","06/30/2021","DBA: F6IX                        ELEVATING NIGHTLIFE GROUP LLC                         526 F ST,                         SAN DIEGO, CA  92101-6309","","47-504211","7","HERITAGE ESCROW 2550 5TH AVE STE 800 SAN DIEGO, CA  92103","10","3710"
"603382","PEND ACTIVE","21 | 0","04/14/2021","03/31/2022","DBA: CIRCLE K                        CIRCLE K STORES INC                         731 N GRAND AVE,                         COVINA, CA  91724-2419","255 E RINCON ST, # 100                              CORONA, CA  92879-1368","21-539721","7","CALIFORNIA BUSINESS ESCROW 1748 MAIN STREET ESCALON, CA  95320","2","1913"
"603582","SUREND CANCEL","42 | 0","04/09/2019","03/31/2021","DBA: LCA WINE                        JASMINO INC.                         3315 HYLAND AVE, STE H,                         COSTA MESA, CA  92626-1503","16892 HOSKINS LN, APT C                              HUNTINGTON BEACH, CA  92649","42-541898","7","PARAMOUNT ESCROW SERVICES, INC. 101 E LINCOLN AVE STE 220 ANAHEIM, CA  92805","11","3004"
"604766","PEND ACTIVE","41 | 0","04/14/2021","03/31/2022","DBA: KOH RUESSEI RESTAURANT AND BAKERY                        KOH RUESSEI LLC                         816-18 E ANAHEIM ST,                         LONG BEACH, CA  90813-3509","816 E ANAHEIM ST                              LONG BEACH, CA  90813-3509","41-539243","7","LONG BEACH ESCROW CORPORATION 4515 E ANAHEIM ST SECOND FLOOR LONG BEACH, CA  90804","3","1932"
"605195","ACTIVE CANCEL","41 | 0","06/18/2019","05/31/2021","DBA: TAQUIERO MUCHO GARDENA                        CORAZON SIAM, LLC                         1630 W REDONDO BEACH BLVD, # 9 & 10,                         GARDENA, CA  90247-3200","2801 SEPULVEDA BLVD, #100                              TORRANCE, CA  90505","41-561228/ 41-623056","7","CENTRAL ESCROW GROUP INC 2134 MAIN ST STE 185 HUNTINGTON BEACH, CA  92648-6448","3","1920"
"610628","PEND ACTIVE","47 | 0","04/14/2021","03/31/2022","DBA: RUBYS DINER                        EFE RUBY'S DINER LLC                         215 S BREA BLVD,                         BREA, CA  92821-4036","4100 MACARTHUR BLVD, STE 200                              NEWPORT BEACH, CA  92660-2064","","5,7","","11","3002"
"611218","R64B ACTIVE","47 | 0","11/16/2020","10/31/2021","DBA: DAVE & BUSTER'S                        DAVE & BUSTERS OF CALIFORNIA INC                         1420 TRAVIS BLVD,                         FAIRFIELD, CA  94533-3401","2481 MANANA DR, ATTN: LEGAL                               DALLAS, TX  75220-1203","47-585100","","ABC ESCROW 2222 DAMON ST LOS ANGELES, CA  90021-2402","22","4803"
"611817","PEND WITHDRAWN","47 | 0","","","DBA: SAIGON NOODLE, GRILL & BAR                        TIEU, HUONG THUY THI                         9772 GARDEN GROVE BLVD, UNIT I,                         GARDEN GROVE, CA  92844-1615","14372 PLEASANT ST                              GARDEN GROVE, CA  92843-5051","488604","","","11","3009"
"612931","PEND WITHDRAWN","41 | 0","","","DBA: REYNA'S RESTAURANT                        CASTANEDA, REYNA PEREZ                         327 BROADWAY ST,                         KING CITY, CA  93930","","","7","","26","2705"
"613002","PEND WITHDRAWN","23 | 0","","","DBA: 3 DOGS BARKING BREWING COMPANY                        BVGS INC                         11430 I AVE, UNIT B & C,                         HESPERIA, CA  92345-5146","11430 I AVE, UNIT C                              HESPERIA, CA  92345-5146","","","","7","3620"
"613050","PEND ACTIVE","41 | 0","04/14/2021","03/31/2022","DBA: ROUND TABLE PIZZA GOSFORD                        GOSFORD PIZZA INC.                         4200 GOSFORD RD, STE 101,                         BAKERSFIELD, CA  93313-4811","1155 PALOMAR ST                              TRACY, CA  95377","41-575060","7","TICOR TITLE COMPANY 10000  STOCKDALE HWY STE 101 BAKERSFIELD, CA  93311","6","1501"
"613564","PEND WITHDRAWN","21 | 0","","","DBA: AMIGOS MARKET                         SIDHU, NAURATTAN K                         251 GAGE ST,                         PLANADA, CA  95365","PO BOX 1373                              PLANADA, CA  95365","521735","8","CHICAGO TITLE 40037 HIGHWAY 41 OAKHURST, CA  93644","29","2400"
"613618","ACTIVE CANCEL","41 | 0","08/04/2020","07/31/2021","DBA: RUSTIC BURGER                        NEWHALL BOD LLC                         24025 NEWHALL RANCH RD,                         SANTA CLARITA, CA  91355-5702","28102 BOULDER CREST CT                              SANTA CLARITA, CA  91351-5000","41-539854","","","5","1985"
"613749","PEND ACTIVE","41 | 0","04/14/2021","03/31/2022","DBA: JAKE'S TRUSTWORTHY TAP ROOM & BURGERS                        GREAT FOOD AND BEER, LLC                         38 W COLORADO BLVD,                         PASADENA, CA  91105-1923","156 W VERDUGO AVE                              BURBANK, CA  91502-2132","","7","","2","1943"
"614002","REVPEN ACTIVE","47 | 0","02/28/2020","11/30/2021","DBA: DAN GORDON'S                        OLD PRO INC                         640 EMERSON ST,                         PALO ALTO, CA  94301-1609","541 RAMONA ST                              PALO ALTO, CA  94301","47-550944","7","","25","4312"
"614002","REVPEN ACTIVE","47 | 0","02/28/2020","11/30/2021","DBA: DAN GORDON'S                        OLD PRO INC                         640 EMERSON ST,                         PALO ALTO, CA  94301-1609","541 RAMONA ST                              PALO ALTO, CA  94301","47-550944","7","","25","4312"
"614593","PEND ACTIVE","47 | 0","04/14/2021","03/31/2022","DBA: UP & UNDER 2ND PITCH                        UP & UNDER 2ND PITCH, INC.                         5216 SOBRANTE AVE,                         EL SOBRANTE, CA  94803-1432","2 W RICHMOND AVE                              RICHMOND, CA  94801-3949","47-545403","7","ABC ESCROW 2222 DAMON ST LOS ANGELES, CA  90021-2402","22","0700"
"614759","ACTIVE CANCEL","41 | 0","06/16/2020","05/31/2021","DBA: L'APERITIF BISTRO FUSION                        NOUANTANOUVANH, NOI                         6650 N CEDAR AVE,                         FRESNO, CA  93710-4401","6059 E DAYTON AVE                              FRESNO, CA  93727-8911","","7","","21","1005"
"614831","PEND WITHDRAWN","47 | 0","","","DBA: MIGUEL'S MEXICAN GRILL & BAR                         MIGUEL'S MEXICAN GRILL & BAR INC                          3085 E THOUSAND OAKS BLVD,                         THOUSAND OAKS, CA  91362","","600603","","ABC ESCROW 2222 DAMON ST LOS ANGELES, CA  90021-2402","12","5607"
"615015","PEND WITHDRAWN","41 | 0","","","DBA: BUCKHORN GRILL                        BUCKHORN ENTERPRISES LLC                          1151 GALLERIA BLVD, SP FC1,                         ROSEVILLE, CA  95687-1937","301 COUNTY AIRPORT RD, STE 214                              VACAVILLE, CA  95688-3108","524017","7","OLD REPUBLIC TITLE 1000 BURNETT AVE STE 400 CONCORD, CA  94520-2088","23","3105"
"615394","PEND WITHDRAWN","20 | 0","","","DBA: COLOMA GAS & FOOD                        COLOMA STORE INC                         10670 COLOMA RD,                         RANCHO CORDOVA, CA  95670-4015","8547 QUEST CT                              ELK GROVE, CA  95624","","","","23","3408"
"616175","R64B ACTIVE","47 | 0","10/28/2020","09/30/2021","DBA: PICCOLA OSTERIA                        PICCOLA OSTERIA, INC.                         28524 LA MADRID DR,                         SANTA CLARITA, CA  91350-5842","27323 BANUELO AVE                               SANTA CLARITA, CA  91350-2119","47-592241","","FEDERAL ESCROW , INC 23734 VALENCIA BLVD STE 100A VALENCIA, CA  91355","5","1985"
"616312","PEND WITHDRAWN","13 | 0","","","DBA: MYLA'COR INC                        MYLA'COR INC                         500 CAPITOL MALL, STE 2350,                         SACRAMENTO, CA  95814-4760","","","","","23","3405"
"616334","PEND WITHDRAWN","41 | 0","","","DBA: ELITE GARDEN CAFE                        OGANNISYAN, MANIE                         12909 VICTORY BLVD ,                         NORTH HOLLYWOOD, CA  91606","","","","","12","1933"
"616496","ACTIVE SUREND","20 | 0","07/30/2020","06/30/2021","DBA: LA REINA MARKETS 2                        LA REINA MARKETS, LLC                         909 N TUSTIN ST,                         ORANGE, CA  92867-5902","508 N EAST ST                              ANAHEIM, CA  92805-2129","20-427883","7","","11","3014"
"617134","PEND WITHDRAWN","41 | 0","","","DBA: ROUND 1 BOWLING & AMUSEMENT                        ROUND ONE ENTERTAINMENT INC                         1191 GALLERIA BLVD, STE 150,                         ROSEVILLE, CA  95678-1935","3070 SATURN ST, STE 200                              BREA, CA  92821","","7","","23","3105"
"617171","PEND ACTIVE","21 | 0","04/14/2021","06/30/2021","DBA: 7-11 STORE #37063                        7 ELEVEN INC                         9701 VALLEY BLVD,                         ROSEMEAD, CA  91770-1553","PO BOX 219088, ATT: 7 ELEVEN LICENSING                              DALLAS, TX  75221-9088","21-449477","","FEDERAL ESCROW INC 23734 VALENCIA BLVD STE 100A VALENCIA, CA  91355","2","1965"
"617318","PEND WITHDRAWN","02 | 0","","","DBA: TESSERACT WINES                        TESSERACT WINES LLC                         1633 JOAN DR,                         PETALUMA, CA  94954-3656","","","7","","27","4903"
"618105","PEND WITHDRAWN","41 | 0","","","DBA: LOCANDA SORRENTO                        CELLINO FOODS, INC.                         2293 1ST ST,                         LIVERMORE, CA  94550-4561","1250 GREENBROOK DR                              DANVILLE, CA  94526-5016","","","","22","0107"
"618199","PEND ACTIVE","42 | 0","04/14/2021","03/31/2022","DBA: EL BOULEVAR SPORTS BAR                        EL BOULEVAR LLC                         4537-39 WHITTIER BLVD,                         LOS ANGELES, CA  90022-2433","4537 WHITTIER BLVD                              LOS ANGELES, CA  90022-2433","42-340757","","CAPITAL TRUST ESCROW 280 S BEVERLY DR STE 300 BEVERLY HILLS, CA  90212","2","1900"
"618500","ACTIVE R64B","21 | 0","04/14/2021","03/31/2022","DBA: CHEVRON                        DALLA FAMILY STORES                         952 SIMMERHORN RD,                         GALT, CA  95632","3108 E PINTAIL WAY                              ELK GROVE, CA  95757-8206","21-427388","","CAPITAL TRUST ESCROW 280 S BEVERLY DR #300 BEVERLY HILLS, CA  90212","23","3402"
"618500","ACTIVE R64B","21 | 0","04/14/2021","03/31/2022","DBA: CHEVRON                        DALLA FAMILY STORES                         952 SIMMERHORN RD,                         GALT, CA  95632","3108 E PINTAIL WAY                              ELK GROVE, CA  95757-8206","21-427388","","CAPITAL TRUST ESCROW 280 S BEVERLY DR #300 BEVERLY HILLS, CA  90212","23","3402"
"619449","PEND ACTIVE","47 | 0","04/14/2021","03/31/2022","DBA: L'APERITIF BISTRO FUSION                        NOUANTANOUVANH, NOI                         6650 N CEDAR AVE,                         FRESNO, CA  93710-4401","6059 E DAYTON AVE                              FRESNO, CA  93727-8911","","5,7","","21","1005"
"619571","PEND ACTIVE","21 | 0","04/14/2021","03/31/2022","DBA: LA REINA MARKETS                        LA REINA MARKETS, LLC                         909 N TUSTIN ST,                         ORANGE, CA  92867-5902","508 N EAST ST                              ANAHEIM, CA  92805-2129","","5","","11","3014"
"620596","PEND ACTIVE","47 | 0","04/14/2021","03/31/2022","DBA: CLEM'S STATION                        KASAWDISH, PAUL JOSEPH                         4715 MONROE AVE,                         SAN DIEGO, CA  92115-3202","2117 MONARCH RIDGE CIR                              SAN DIEGO, CA  92019","","5,7","","10","3710"
"621963","PEND WITHDRAWN","47 | 0","","","DBA: PETROLEUM CLUB                        PETROLEUM CLUB OF BAKERSFIELD INC                         6218 SUNDALE AVE, STE B-C,                         BAKERSFIELD, CA  93309","","614464","","TICOR TILE COMPANY OF CALIFORNIA 10000 STOCKDALE HWY STE 101 BAKERSFIELD, CA  93311","6","1501"
"621963","PEND WITHDRAWN","47 | 0","","","DBA: PETROLEUM CLUB                        PETROLEUM CLUB OF BAKERSFIELD INC                         6218 SUNDALE AVE, STE B-C,                         BAKERSFIELD, CA  93309","","614464","","TICOR TILE COMPANY OF CALIFORNIA 10000 STOCKDALE HWY STE 101 BAKERSFIELD, CA  93311","6","1501"
"622232","PEND WITHDRAWN","82 | 0","","","DBA: THREE FOX VINEYARDS                        THREE FOX FARM LLC                         10100 THREE FOX LN,                         DELAPLANE, VA  20171","12198, GOLDENCHAIN CT                              HERNDON, VA  20171","","","","75","9999"
"622463","PEND WITHDRAWN","85 | 0","","","DBA: CRETE WINERY                         BF5, INC.                          2175 SAMPSON AVE , #111 ,                         CORONA, CA  92879-6013","","","","","7","3306"
"622589","PEND ACTIVE","41 | 0","04/14/2021","03/31/2022","DBA: CLAWS ZONE                        CLAWS ZONE II INC                         15556 BROOKHURST ST, STE B,                         WESTMINSTER, CA  92683-7590","","","","","11","3021"
"622633","PEND ACTIVE","02 | 0","04/14/2021","06/30/2021","DBA: GOLDEN LEAVES VINEYARD & WINERY                        3625 OMO RANCH LLC                         3625 OMO RANCH RD,                         MOUNT AUKUM, CA  95656","PO BOX 141                              SOMERSET, CA  95684","02-500846","7","","23","0900"
"622651","PEND ACTIVE","21 | 0","04/14/2021","03/31/2022","DBA: OK LIQUOR                        EKR, INC.                          301 E SOUTH ST,                         LONG BEACH, CA  90805-4633","","21-550136","","UNITED ESCROW CO 3440 WILSHIRE BLVD #600 LOS ANGELES, CA  90010","3","1932"
"622666","PEND ACTIVE","17 | 0","04/14/2021","03/31/2022","DBA: NAKED MARKET THE                        AVO CRAZY, LLC                         2044 UNION ST,                         SAN FRANCISCO, CA  94123-4103","","","7","","24","3800"
"622666","PEND ACTIVE","20 | 0","04/14/2021","03/31/2022","DBA: NAKED MARKET THE                        AVO CRAZY, LLC                         2044 UNION ST,                         SAN FRANCISCO, CA  94123-4103","","","7,I","","24","3800"
"622700","PEND ACTIVE","47 | 0","04/14/2021","03/31/2022","DBA: RUSTIC BURGER HOUSE                        NEWHALL BOD LLC                         24025 NEWHALL RANCH RD,                         SANTA CLARITA, CA  91355-5702","28102 BOULDER CREST CT                              SANTA CLARITA, CA  91351-5000","47-547859","","FEDERAL ESCROW , INC 23734 VALENCIA BLVD STE 100A VALENCIA, CA  91355","5","1985"
"622761","PEND ACTIVE","23 | 0","04/14/2021","03/31/2022","DBA: BABE HARD KOMBUCHA                        FELLOWSHIP KOMBUCHA, LLC                         7727 FORMULA PL,                         SAN DIEGO, CA  92121-2419","","","","","9","3710"
"622807","PEND ACTIVE","41 | 0","04/14/2021","03/31/2022","DBA: SEAWEED SUSHI BAR                         SEAWEED LLC                         318 N BRAND BLVD,                         GLENDALE, CA  91203-2304","","41-532004","","ABC ESCROW 2222 DAMON ST LOS ANGELES, CA  90021-2402","5","1921"
"623056","PEND ACTIVE","41 | 0","04/14/2021","03/31/2022","DBA: BOWL THAI GRILL                        LAMACK GRILL, INC.                         1630 W REDONDO BEACH BLVD, # 9 & 10,                         GARDENA, CA  90247-3200","","41-605195","7","GLOBAL FIRST ESCROW, INC.  19271 COLIMA RD  #F  ROWLAND HEIGHTS, CA  91748","3","1920"
"623616","PEND ACTIVE","82 | 0","04/14/2021","03/31/2022","DBA: FREEDOM RUN WINERY                        R. SEAN MANNING, INC.                         5138, LOWER MOUNTAIN RD,                         LOCKPORT, NY  14094","","","","","75","9999"
"623618","PEND WITHDRAWN","82 | 0","","","DBA: WILLFUL WINE                        DAEDALUS CELLARS CO                         5705 F NE 105TH AVE,                         PORTLAND, OR  97220","2212 SE 132ND CT                              VANCOUVER, WA  98683","","","","75","9999"
"623631","PEND ACTIVE","82 | 0","04/14/2021","03/31/2022","DBA: SHENANDOAH VINEYARDS                        VIRGINIA WINEWORKS LLC                         3659 SOUTH OX RD,                         EDINBURG, VA  22824","1781 HARRIS CREEK WAY                              CHARLOTTESVILLE, VA  22902","","","","75","9999"
"623764","PEND ACTIVE","21 | 0","04/14/2021","03/31/2022","DBA: COMPTON MARKET                        DHAH & CHOHAR INC                          809 E ROSECRANS BLVD,                         COMPTON, CA  90221-2145","7085 SANTA IRENE CIR, APT 138                              BUENA PARK, CA  90620-3198","21-590032","","","3","1912"
"623894","PEND ACTIVE","21 | 0","04/14/2021","03/31/2022","DBA: GOLD 7 LIQUOR                        DHARMA BHAKTI, INC.                          545 W WHITTIER BLVD,                         LA HABRA, CA  90631-3737","2125 W FRANCISQUITO AVE                              WEST COVINA, CA  91790-3205","21-521156","","LUCKY TEAM ESCROW INC 13305 BROOKHURST ST GARDEN GROVE, CA  92843-3117","11","3012"
"624100","PEND ACTIVE","20 | 0","04/14/2021","03/31/2022","DBA: KUCHE BARZINE                        KUCHE BARZINE                         4015 W EL SEGUNDO BLVD,                         HAWTHORNE, CA  90250","","20-594487","","CITIZENS ESCROW 34664 COUNTY LINE RD STE 8 YUCAIPA, CA  92399","3","1923"
"624107","PEND ACTIVE","21 | 0","04/14/2021","03/31/2022","DBA: CATHEDRAL CITY LIQUOR INC                        CATHEDRAL CITY LIQUOR, INC                         68100 RAMON RD , STE B1,                         CATHEDRAL CITY, CA  92234-3389","","21-568464","7","NO ESCROW","8","3319"
"624994","PEND WITHDRAWN","21 | 0","","","DBA: QUIK CORNER DELI & GROCERY                        KLC GROUP INC                         3850 UNIVERSITY AVE,                         SAN DIEGO, CA  92105-1324","","546944","8","ALISON MCLOSKEY ESCROW 4820 EL CAJON BLVD SAN DIEGO, CA  92115-4695","10","3710"
"625069","PEND ACTIVE","82 | 0","04/14/2021","03/31/2022","DBA: NOBLEMEN WINES                        NOBLEMEN WINES LLC                         3600 FREDERICKSBURG RD,                         KERRVILLE, TX  78028","","","","","75","9999"
"625190","PEND WITHDRAWN","47 | 1","","","DBA: 36 HANDLES                        JOHN AND ANGEL INC                         1010 WHITE ROCK RD, STE 100,                         EL DORADO HILLS, CA  95762-5629","1010 WHITE ROCK RD, STE 100                              EL DORADO HILLS, CA  95762-5629","605230","7","CAPITOL CITY ESCROW INC 3838 WATT AVE #F610 SACRAMENTO, CA  95821","23","0900"
"625190","PEND WITHDRAWN","77 | 1","","","DBA: 36 HANDLES                        JOHN AND ANGEL INC                         1010 WHITE ROCK RD, STE 100,                         EL DORADO HILLS, CA  95762-5629","1010 WHITE ROCK RD, STE 100                              EL DORADO HILLS, CA  95762-5629","605230","7","CAPITOL CITY ESCROW INC 3838 WATT AVE #F610 SACRAMENTO, CA  95821","23","0900"
"625222","PEND ACTIVE","82 | 0","04/14/2021","03/31/2022","DBA: ANCHOR VALLEY WINE                        ANCHOR VALLEY, LLC                         2200 PINE GATE WAY BLDG 3,                         WHITE CITY, OR  97503","3460 HENREDON WAY                              MEDFORD, OR  97504","","","","75","9999"